{
  "AbnegateSavoryPonySuperVinlin-MsaW22j4gXDY5uYF": {
    "game": {
      "x": 0.1382488479262673,
      "y": 0.02763318957676448,
      "w": 0.5837173579109063,
      "h": 0.9723668104232355
    },
    "camera": {
      "x": 0.7880184331797235,
      "y": 0.1968061219075915,
      "w": 0.1321044546850998,
      "h": 0.2646737812272617
    }
  }
}